{
  "mu": 0.03,
  "S2D1D": 0.94,
  "N_LSP": 402.42741233490653,
  "N_B": 70.56138336962184,
  "ratio": 5.703224527598477,
  "bg_points": 279258,
  "eval_points": 30000,
  "notes": "Integrals on background grid; visibility fixes (delta, normalized, zoom)."
}
