S2D1D,bias_factor_exp(-S2D1D),N_LSP_over_N_B,rho_dm_over_rho_b_model
0.580872,0.5594103479967764,1.070943814457021,1.070943814457021
